path,bytes,sha256,first_path_commit,first_path_author_date,first_path_subject,same_bytes_as_HEAD,evidence_status,evidence_note,prototype_path,matches_prototype_edcf770,rights_status
mobile/Assets/Branding/SkyPulseAppIcon.png,1701980,6cbc6acd07a0f1de1b07ff757e010abdf9c1b5d1befe8a61e3c6d4b6d22b0887,edcf7706ca2a44e6905977df0955e31208f04ebd,2026-08-04T10:09:00+01:00,"Add game feel, daily cosmetics, and release assets",true,Repository note records AI generation; underlying bird/reference origin pending,mobile/Release/ICON.md,,,Not independently verified
mobile/Assets/Editor/SkyPulseBirdEdgeCleanup.cs,3576,16815450d75a18df335ef2a1b5816fb5b0154c430568861ecddada3246eb3814,421a4b075cf2343957230b727b2b240030040590,2026-09-06T18:09:41+01:00,"Polish beta visuals, route balance, app icon and iOS export workflow",true,Project implementation/configuration history; owner asserts code ownership and development in VS Code; individual contributions not independently verified,,,,Not independently verified
mobile/Assets/Editor/SkyPulseIosPostprocess.cs,4015,74d6b2b044f02efff534ed4b0ee9eea4fc0244aa93a982eedd361b743251fe46,09a3c4b6d9fa218edb83055bcf2e46be53f749f3,2026-09-06T12:03:33+01:00,Xcode Tests,true,Project implementation/configuration history; owner asserts code ownership and development in VS Code; individual contributions not independently verified,,,,Not independently verified
mobile/Assets/Editor/SkyPulseMobileArtSetup.cs,4474,c6caf49778f7a7f97366ca5a26e3d8939a2e3fc4c6086a6bba02ebf8a85cdd09,42fe8c7f3ede331d27dd15a95d1fa4929a92d50c,2026-08-10T11:30:34+01:00,Polish native flight and neon visuals,true,Project implementation/configuration history; owner asserts code ownership and development in VS Code; individual contributions not independently verified,,,,Not independently verified
mobile/Assets/Editor/SkyPulsePlaytestChecklist.cs,1681,aa15c9a23013a92b437d4659ed62bd0665cca479f57c8e654b2e26435cbf0d24,cc4426c2b46e6bd225015c09e42aaf919ae5c0de,2026-08-13T12:36:28+01:00,Refine noir flight loop and remove legacy assets,true,Project implementation/configuration history; owner asserts code ownership and development in VS Code; individual contributions not independently verified,,,,Not independently verified
mobile/Assets/Editor/SkyPulseReleaseBuild.cs,7296,38f5f8e3da76aeffd5886a539627b6de2b355b0caa5d91ac6233a09c9c19ed12,09a3c4b6d9fa218edb83055bcf2e46be53f749f3,2026-09-06T12:03:33+01:00,Xcode Tests,true,Project implementation/configuration history; owner asserts code ownership and development in VS Code; individual contributions not independently verified,,,,Not independently verified
mobile/Assets/Resources/PipeBody.png,699455,e9ec8f201a7cb00398393dc70c450822bed13c3b672e910cfd8bfc921aa93d6a,b99a92ef1efdd9f7d7e7875f72a6b353ad7a8391,2026-08-16T18:52:16+01:00,pipes changed,true,Owner declares ARTA artwork origin; specific source records and reference origins not independently verified,,,,Not independently verified
mobile/Assets/Resources/PipeCap.png,331132,b98b4c7ada9dde398bc7bbf2d03e6f6856dddea18e6b688041d87dcb4d64e587,b99a92ef1efdd9f7d7e7875f72a6b353ad7a8391,2026-08-16T18:52:16+01:00,pipes changed,true,Owner declares ARTA artwork origin; specific source records and reference origins not independently verified,,,,Not independently verified
mobile/Assets/Resources/PipeGlow.png,67714,213e43ccef58de13b5710ed67eecefa086ec8651fa6be86e7bbc75bee61c827c,b99a92ef1efdd9f7d7e7875f72a6b353ad7a8391,2026-08-16T18:52:16+01:00,pipes changed,true,Owner declares ARTA artwork origin; specific source records and reference origins not independently verified,,,,Not independently verified
mobile/Assets/Resources/SkyPulse/art/pipes/pipe-collar-neon-v1.png,1581080,18b0c531c4a26e3a29730f490aded9a9577d56a54e2e19adb4538487c3898c0c,262dc5a84e90762234b4e4097d52a7d18e81a53c,2026-09-09T13:25:07+01:00,"Add first neon visual update for pipes, crystals and skies",true,Repository note records AI generation; exact prompts not retained; reference origin pending,mobile/Release/NeonVisualUpdate/PIPE_ART_PROVENANCE.md,,,Not independently verified
mobile/Assets/Resources/SkyPulse/art/pipes/pipe-shaft-neon-v1.png,1749874,dd87f2c32680724fbd7ae99c730a0c56dd3e25b6fde989c5abab165917034074,262dc5a84e90762234b4e4097d52a7d18e81a53c,2026-09-09T13:25:07+01:00,"Add first neon visual update for pipes, crystals and skies",true,Repository note records AI generation; exact prompts not retained; reference origin pending,mobile/Release/NeonVisualUpdate/PIPE_ART_PROVENANCE.md,,,Not independently verified
mobile/Assets/Resources/SkyPulse/art/powerups/generated/crystal-prism-neon-v4.png,739983,ded25cacbbb2933c6d2e2be77ec84450ead880739f8a8326f338ff5472849497,262dc5a84e90762234b4e4097d52a7d18e81a53c,2026-09-09T13:25:07+01:00,"Add first neon visual update for pipes, crystals and skies",true,Repository note records AI generation; exact prompt not retained; reference origin pending,mobile/Release/NeonVisualUpdate/CRYSTAL_ART_PROVENANCE.md,,,Not independently verified
mobile/Assets/Resources/SkyPulse/art/powerups/generated/magnet-halo-v3.png,639134,ef492da42c278c6d2d065bb7beca36d152be80521a5e12131e0c35731ba2452c,a36da76004ce75741e2391d868e57da3d049dff9,2026-08-13T11:46:19+01:00,"Polish SkyPulse rewards, power-ups, and upgrades",true,Owner declares ARTA artwork origin; specific source records and reference origins not independently verified,,,,Not independently verified
mobile/Assets/Resources/SkyPulse/art/powerups/generated/pulse-shield-v3.png,620813,758b83a3174bb901683b3d69260715ceb2663504e37213dbe8712357093dff4b,a36da76004ce75741e2391d868e57da3d049dff9,2026-08-13T11:46:19+01:00,"Polish SkyPulse rewards, power-ups, and upgrades",true,Owner declares ARTA artwork origin; specific source records and reference origins not independently verified,,,,Not independently verified
mobile/Assets/Resources/SkyPulse/art/powerups/generated/slow-field-v3.png,675785,4a0fddaae8c21334a73c1fddb5ae250a2bd87dc7e3c29d6708ce283fbe8ff347,a36da76004ce75741e2391d868e57da3d049dff9,2026-08-13T11:46:19+01:00,"Polish SkyPulse rewards, power-ups, and upgrades",true,Owner declares ARTA artwork origin; specific source records and reference origins not independently verified,,,,Not independently verified
mobile/Assets/Resources/SkyPulse/audio/crash.wav,14156,d1ef6b95713b0df4c19218df11fb331af2eb95fad0ea2b3887be5715269eb36d,edcf7706ca2a44e6905977df0955e31208f04ebd,2026-08-04T10:09:00+01:00,"Add game feel, daily cosmetics, and release assets",false,Synthesized for SkyPulse with retained standard-library generator; no input samples,mobile/Release/Provenance/AUDIO_PROVENANCE.md,assets/audio/crash.wav,false,Retained synthesis source; no third-party audio inputs
mobile/Assets/Resources/SkyPulse/audio/crystal.wav,5776,07f2d25eab664bec43d65ff6565bea2fb3fdef5057efb40b76bdb84db8c84a8d,edcf7706ca2a44e6905977df0955e31208f04ebd,2026-08-04T10:09:00+01:00,"Add game feel, daily cosmetics, and release assets",false,Synthesized for SkyPulse with retained standard-library generator; no input samples,mobile/Release/Provenance/AUDIO_PROVENANCE.md,assets/audio/crystal.wav,false,Retained synthesis source; no third-party audio inputs
mobile/Assets/Resources/SkyPulse/audio/flap.wav,4454,1ed6fefec6d5e1b3623a4942ad653893769dcc74c49e863ba4332247510a9b9a,edcf7706ca2a44e6905977df0955e31208f04ebd,2026-08-04T10:09:00+01:00,"Add game feel, daily cosmetics, and release assets",false,Synthesized for SkyPulse with retained standard-library generator; no input samples,mobile/Release/Provenance/AUDIO_PROVENANCE.md,assets/audio/flap.wav,false,Retained synthesis source; no third-party audio inputs
mobile/Assets/Resources/SkyPulse/audio/score.wav,7982,716c509700cd94b00ecae271a806083942684cb1fb7bfbbf93e79f1d5b294649,edcf7706ca2a44e6905977df0955e31208f04ebd,2026-08-04T10:09:00+01:00,"Add game feel, daily cosmetics, and release assets",false,Synthesized for SkyPulse with retained standard-library generator; no input samples,mobile/Release/Provenance/AUDIO_PROVENANCE.md,assets/audio/score.wav,false,Retained synthesis source; no third-party audio inputs
mobile/Assets/Resources/SkyPulse/audio/unlock.wav,12832,e117b2599f5269c5228506ad53e3f6e426e904ff03de8103a716c806703a83d2,edcf7706ca2a44e6905977df0955e31208f04ebd,2026-08-04T10:09:00+01:00,"Add game feel, daily cosmetics, and release assets",false,Synthesized for SkyPulse with retained standard-library generator; no input samples,mobile/Release/Provenance/AUDIO_PROVENANCE.md,assets/audio/unlock.wav,false,Retained synthesis source; no third-party audio inputs
mobile/Assets/Resources/SkyPulse/backgrounds/neon-flightdeck-v2.png,2471358,b8fc2ac8ae1702ca4f001b42e2a8a5cf81b5fd9c527939aaa4eca80864c3dd28,262dc5a84e90762234b4e4097d52a7d18e81a53c,2026-09-09T13:25:07+01:00,"Add first neon visual update for pipes, crystals and skies",true,Repository note records AI generation; supplied reference origin pending,mobile/Release/NeonVisualUpdate/BACKGROUND_ART_PROVENANCE.md,,,Not independently verified
mobile/Assets/Resources/SkyPulse/backgrounds/themes/amber-skies-user-20260929.jpeg,208386,bacddfd2a922f87f6e1b23d9f05041ad3953acba4c43814b0a4469f68990fa49,,,Not committed at inventory time,false,User-supplied world image; owner confirms ARTA generation; original records/reference origins not independently verified,mobile/Release/WorldExpansion/ART_PROVENANCE.md,,,Not independently verified
mobile/Assets/Resources/SkyPulse/backgrounds/themes/aurora-rise-v3.png,2418267,80aca85829ecc61b960fc480301fc04c1142a6ed1e9288239c47bda88f9d17ad,262dc5a84e90762234b4e4097d52a7d18e81a53c,2026-09-09T13:25:07+01:00,"Add first neon visual update for pipes, crystals and skies",true,Repository note records AI generation; supplied reference origin pending,mobile/Release/NeonVisualUpdate/BACKGROUND_ART_PROVENANCE.md,,,Not independently verified
mobile/Assets/Resources/SkyPulse/backgrounds/themes/cobalt-storm-user-20260929.jpeg,238807,3a97856e3cfa510362a50e7ca64f1a4c547e9b266888f23a56ddea5b45852b26,,,Not committed at inventory time,false,User-supplied world image; owner confirms ARTA generation; original records/reference origins not independently verified,mobile/Release/WorldExpansion/ART_PROVENANCE.md,,,Not independently verified
mobile/Assets/Resources/SkyPulse/backgrounds/themes/crystal-night-user-20260929.jpeg,296061,0ca74942f0e588f4a6a944f00c7a4f9ea86f807fdaefa27e19bb8181864065a8,,,Not committed at inventory time,false,User-supplied world image; owner confirms ARTA generation; original records/reference origins not independently verified,mobile/Release/WorldExpansion/ART_PROVENANCE.md,,,Not independently verified
mobile/Assets/Resources/SkyPulse/backgrounds/themes/eclipse-user-20260929.jpeg,194992,bd5c8d7f004952807409e07d8c95f700ef2e5d9f4afc0ab69cb8df9c515e69a2,,,Not committed at inventory time,false,User-supplied world image; owner confirms ARTA generation; original records/reference origins not independently verified,mobile/Release/WorldExpansion/ART_PROVENANCE.md,,,Not independently verified
mobile/Assets/Resources/SkyPulse/backgrounds/themes/jade-horizon-v2.png,1774008,c7c81eb3c74860ae815b2096fc78c0871e28d51b41540152e7b347a0b0051d6b,75a0dba207c91cc0fba48f29ccc6d2058c197718,2026-08-04T13:47:36+01:00,Add iPhone web build and visual content,true,Owner declares ARTA artwork origin; specific source records and reference origins not independently verified,,,,Not independently verified
mobile/Assets/Resources/SkyPulse/backgrounds/themes/midnight-tide-v2.png,1717169,d2adf1a47b2920d7bcf80367ae1ba7034dfa96fc9b01e25785bb30a59a180347,75a0dba207c91cc0fba48f29ccc6d2058c197718,2026-08-04T13:47:36+01:00,Add iPhone web build and visual content,true,Owner declares ARTA artwork origin; specific source records and reference origins not independently verified,,,,Not independently verified
mobile/Assets/Resources/SkyPulse/backgrounds/themes/polar-glow-user-20260929.jpeg,263255,b527b2938af7e731a2dd21184a919d3a9e71be8a22a94541b9012bbccef4f451,,,Not committed at inventory time,false,User-supplied world image; owner confirms ARTA generation; original records/reference origins not independently verified,mobile/Release/WorldExpansion/ART_PROVENANCE.md,,,Not independently verified
mobile/Assets/Resources/SkyPulse/backgrounds/themes/solar-drift-v3.png,2385579,fd39e125201e2a9827dd6a335b5588e9670ece58d347e3abfedee47a90a579ca,262dc5a84e90762234b4e4097d52a7d18e81a53c,2026-09-09T13:25:07+01:00,"Add first neon visual update for pipes, crystals and skies",true,Repository note records AI generation; supplied reference origin pending,mobile/Release/NeonVisualUpdate/BACKGROUND_ART_PROVENANCE.md,,,Not independently verified
mobile/Assets/Resources/SkyPulse/backgrounds/themes/velvet-dawn-v2.png,2110771,67fc9ccce11e49a9f0a0cb2008b94d0e75fe1d205003584aeb423b403c64b856,75a0dba207c91cc0fba48f29ccc6d2058c197718,2026-08-04T13:47:36+01:00,Add iPhone web build and visual content,true,Owner declares ARTA artwork origin; specific source records and reference origins not independently verified,,,,Not independently verified
mobile/Assets/Resources/SkyPulse/backgrounds/themes/violet-rain-v2.png,2050437,65746466c446b77bb62f531ff5c342845376bf16ed7db699c9193f38a72d911e,75a0dba207c91cc0fba48f29ccc6d2058c197718,2026-08-04T13:47:36+01:00,Add iPhone web build and visual content,true,Owner declares ARTA artwork origin; specific source records and reference origins not independently verified,,,,Not independently verified
mobile/Assets/Resources/SkyPulse/characters/bird-frame-registration.json,26041,7995a18c02761c0e8bb341c7e44ac470f1cb112954c2be41034faede5e237e3a,be7e839f9b9e666121fa197760425fbe008ef54e,2026-09-06T10:44:25+01:00,"Polish bird animation, trails, world transitions and mobile navigation",true,Project implementation/configuration history; owner asserts code ownership and development in VS Code; individual contributions not independently verified,,,,Not independently verified
mobile/Assets/Resources/SkyPulse/characters/bird-pose-bounds.json,8679,8fd6b4c988212c0f7cbe7f836d0d753e05d8f6c398b0ffe9675cb091b3d183d1,09a3c4b6d9fa218edb83055bcf2e46be53f749f3,2026-09-06T12:03:33+01:00,Xcode Tests,true,Project implementation/configuration history; owner asserts code ownership and development in VS Code; individual contributions not independently verified,,,,Not independently verified
mobile/Assets/Resources/SkyPulse/characters/roster/cinder-frame-01-v1.png,361653,0f8f2625406f0682b0ad93bbdbdfae1a13d696821859b5ff7dfef54df7487937,2ac8972a5bd8d0a3dce903efb7d300fa5e2a647b,2026-08-30T10:26:45+01:00,Add portrait robotic bird roster,true,Bird artwork: owner confirms ARTA-generated SkyPulse artwork; original generation records and reference origins not independently verified,,,,Not independently verified
mobile/Assets/Resources/SkyPulse/characters/roster/cinder-frame-02-v1.png,340291,244cca4a04f17cfa5e3f0427a4f9f75fff286c6a7a232c5d949b202637d82731,2ac8972a5bd8d0a3dce903efb7d300fa5e2a647b,2026-08-30T10:26:45+01:00,Add portrait robotic bird roster,true,Bird artwork: owner confirms ARTA-generated SkyPulse artwork; original generation records and reference origins not independently verified,,,,Not independently verified
mobile/Assets/Resources/SkyPulse/characters/roster/cinder-frame-03-v1.png,337617,7b89fe90ed797ae014490c7c7139722746a8939d7f84db2fd271f31c1cb46d2c,2ac8972a5bd8d0a3dce903efb7d300fa5e2a647b,2026-08-30T10:26:45+01:00,Add portrait robotic bird roster,true,Bird artwork: owner confirms ARTA-generated SkyPulse artwork; original generation records and reference origins not independently verified,,,,Not independently verified
mobile/Assets/Resources/SkyPulse/characters/roster/cinder-frame-04-v1.png,320131,cc5dd44de865f64124427219744c5220b655004894a82f45ab21c3fcf3371ce7,2ac8972a5bd8d0a3dce903efb7d300fa5e2a647b,2026-08-30T10:26:45+01:00,Add portrait robotic bird roster,true,Bird artwork: owner confirms ARTA-generated SkyPulse artwork; original generation records and reference origins not independently verified,,,,Not independently verified
mobile/Assets/Resources/SkyPulse/characters/roster/cinder-frame-05-v1.png,333156,9e06a4b70f257c9ebe9e5616cba13854cd811108142a15767f4573e8730424be,2ac8972a5bd8d0a3dce903efb7d300fa5e2a647b,2026-08-30T10:26:45+01:00,Add portrait robotic bird roster,true,Bird artwork: owner confirms ARTA-generated SkyPulse artwork; original generation records and reference origins not independently verified,,,,Not independently verified
mobile/Assets/Resources/SkyPulse/characters/roster/cinder-frame-06-v1.png,334796,87137b0c18cc7f7a30db382bb64cc6cb6e3b27cb5e55604a7e4e787794e0cb90,2ac8972a5bd8d0a3dce903efb7d300fa5e2a647b,2026-08-30T10:26:45+01:00,Add portrait robotic bird roster,true,Bird artwork: owner confirms ARTA-generated SkyPulse artwork; original generation records and reference origins not independently verified,,,,Not independently verified
mobile/Assets/Resources/SkyPulse/characters/roster/cinder-frame-07-v1.png,361438,86e7c755eda616ca16a3294be782d7b0112afdcab106cb6de842190284471cf4,2ac8972a5bd8d0a3dce903efb7d300fa5e2a647b,2026-08-30T10:26:45+01:00,Add portrait robotic bird roster,true,Bird artwork: owner confirms ARTA-generated SkyPulse artwork; original generation records and reference origins not independently verified,,,,Not independently verified
mobile/Assets/Resources/SkyPulse/characters/roster/cinder-frame-08-v1.png,426885,541c26d9b560ac539e16e3cddc34ac2965741d9051dc52b60364d88c96e479b9,2ac8972a5bd8d0a3dce903efb7d300fa5e2a647b,2026-08-30T10:26:45+01:00,Add portrait robotic bird roster,true,Bird artwork: owner confirms ARTA-generated SkyPulse artwork; original generation records and reference origins not independently verified,,,,Not independently verified
mobile/Assets/Resources/SkyPulse/characters/roster/newbird01-frame-01.png,157792,c350232a1e2ea9e6ea50375dbdfc0c8639c07148ee2de8eb5d065d1061e1e495,a4f0469b5760f6ed00c5621c52726c7b78e7e70a,2026-09-02T10:40:17+01:00,10 new birds added,true,Bird artwork: owner confirms ARTA-generated SkyPulse artwork; original generation records and reference origins not independently verified,,,,Not independently verified
mobile/Assets/Resources/SkyPulse/characters/roster/newbird01-frame-02.png,155114,4db960f871cc3565ec14e7be04f55d96bf4fb5431c58d3ab08f9b4916597f3a0,a4f0469b5760f6ed00c5621c52726c7b78e7e70a,2026-09-02T10:40:17+01:00,10 new birds added,true,Bird artwork: owner confirms ARTA-generated SkyPulse artwork; original generation records and reference origins not independently verified,,,,Not independently verified
mobile/Assets/Resources/SkyPulse/characters/roster/newbird01-frame-03.png,148623,82f54d53c946833b1d11472ea6bc9cd447a1e33e6ca771f455f652f48c093072,a4f0469b5760f6ed00c5621c52726c7b78e7e70a,2026-09-02T10:40:17+01:00,10 new birds added,true,Bird artwork: owner confirms ARTA-generated SkyPulse artwork; original generation records and reference origins not independently verified,,,,Not independently verified
mobile/Assets/Resources/SkyPulse/characters/roster/newbird01-frame-04.png,112348,763250724cd7e8af48ad84b1485d83cd82c377528d7cec75b6f4e575d6b6846f,a4f0469b5760f6ed00c5621c52726c7b78e7e70a,2026-09-02T10:40:17+01:00,10 new birds added,true,Bird artwork: owner confirms ARTA-generated SkyPulse artwork; original generation records and reference origins not independently verified,,,,Not independently verified
mobile/Assets/Resources/SkyPulse/characters/roster/newbird01-frame-05.png,120725,9bc4faa81bcae558e666dbefe39f67b65b508b38a5fabdad052fdc158d990248,a4f0469b5760f6ed00c5621c52726c7b78e7e70a,2026-09-02T10:40:17+01:00,10 new birds added,true,Bird artwork: owner confirms ARTA-generated SkyPulse artwork; original generation records and reference origins not independently verified,,,,Not independently verified
mobile/Assets/Resources/SkyPulse/characters/roster/newbird01-frame-06.png,151435,87e4c1ef6cb7175aef61e19a20357b2948389ba7f75f5c729bf0b6cedf0b491f,a4f0469b5760f6ed00c5621c52726c7b78e7e70a,2026-09-02T10:40:17+01:00,10 new birds added,true,Bird artwork: owner confirms ARTA-generated SkyPulse artwork; original generation records and reference origins not independently verified,,,,Not independently verified
mobile/Assets/Resources/SkyPulse/characters/roster/newbird01-frame-07.png,149204,a109a957494bfa8a837bc6d79856420ad154d39318c99b318d1fddf5b8512fc2,a4f0469b5760f6ed00c5621c52726c7b78e7e70a,2026-09-02T10:40:17+01:00,10 new birds added,true,Bird artwork: owner confirms ARTA-generated SkyPulse artwork; original generation records and reference origins not independently verified,,,,Not independently verified
mobile/Assets/Resources/SkyPulse/characters/roster/newbird01-frame-08.png,270799,7c8ec15ae5692b17d6b68cd63e2fb63b487ac3807adedbd8f890a6b09a2ba695,a4f0469b5760f6ed00c5621c52726c7b78e7e70a,2026-09-02T10:40:17+01:00,10 new birds added,true,Bird artwork: owner confirms ARTA-generated SkyPulse artwork; original generation records and reference origins not independently verified,,,,Not independently verified
mobile/Assets/Resources/SkyPulse/characters/roster/newbird02-frame-01.png,142599,011707e3a33d8b1e203a46a3d906650d32b68639727c7540207bae5aad09c1db,a4f0469b5760f6ed00c5621c52726c7b78e7e70a,2026-09-02T10:40:17+01:00,10 new birds added,true,Bird artwork: owner confirms ARTA-generated SkyPulse artwork; original generation records and reference origins not independently verified,,,,Not independently verified
mobile/Assets/Resources/SkyPulse/characters/roster/newbird02-frame-02.png,140364,07d75cc48b23de8fecd1cc38f53665e38be9276e5ed611f9dde022caf5b1e183,a4f0469b5760f6ed00c5621c52726c7b78e7e70a,2026-09-02T10:40:17+01:00,10 new birds added,true,Bird artwork: owner confirms ARTA-generated SkyPulse artwork; original generation records and reference origins not independently verified,,,,Not independently verified
mobile/Assets/Resources/SkyPulse/characters/roster/newbird02-frame-03.png,113738,ef6599d9bee3313c5feabee4767d7eec8bb97aa5e3f559f0364bb703fd960fdf,a4f0469b5760f6ed00c5621c52726c7b78e7e70a,2026-09-02T10:40:17+01:00,10 new birds added,true,Bird artwork: owner confirms ARTA-generated SkyPulse artwork; original generation records and reference origins not independently verified,,,,Not independently verified
mobile/Assets/Resources/SkyPulse/characters/roster/newbird02-frame-04.png,89424,a6c951cc281e336f4342f6684a77f76a193c1e83fdeea472b619e6d9466a131a,a4f0469b5760f6ed00c5621c52726c7b78e7e70a,2026-09-02T10:40:17+01:00,10 new birds added,true,Bird artwork: owner confirms ARTA-generated SkyPulse artwork; original generation records and reference origins not independently verified,,,,Not independently verified
mobile/Assets/Resources/SkyPulse/characters/roster/newbird02-frame-05.png,108234,d84cee1e3a178ddd13b469d1ee35805ed53c02148e6abd713e98287a7f922645,a4f0469b5760f6ed00c5621c52726c7b78e7e70a,2026-09-02T10:40:17+01:00,10 new birds added,true,Bird artwork: owner confirms ARTA-generated SkyPulse artwork; original generation records and reference origins not independently verified,,,,Not independently verified
mobile/Assets/Resources/SkyPulse/characters/roster/newbird02-frame-06.png,146443,3004d76228a03116fb84ef71cda1a3a385a19205db5d85b76c97479a27fc159f,a4f0469b5760f6ed00c5621c52726c7b78e7e70a,2026-09-02T10:40:17+01:00,10 new birds added,true,Bird artwork: owner confirms ARTA-generated SkyPulse artwork; original generation records and reference origins not independently verified,,,,Not independently verified
mobile/Assets/Resources/SkyPulse/characters/roster/newbird02-frame-07.png,142293,3cf7ed0d54db527cd18a4341d5bbd2e4fcf0bca4cd71e76af1fff6d57fc9ec15,a4f0469b5760f6ed00c5621c52726c7b78e7e70a,2026-09-02T10:40:17+01:00,10 new birds added,true,Bird artwork: owner confirms ARTA-generated SkyPulse artwork; original generation records and reference origins not independently verified,,,,Not independently verified
mobile/Assets/Resources/SkyPulse/characters/roster/newbird02-frame-08.png,299410,1f7e8fe70c19129b3d3b47c3abe10a14807cd19e2e882182e9d2c728da064e8e,a4f0469b5760f6ed00c5621c52726c7b78e7e70a,2026-09-02T10:40:17+01:00,10 new birds added,true,Bird artwork: owner confirms ARTA-generated SkyPulse artwork; original generation records and reference origins not independently verified,,,,Not independently verified
mobile/Assets/Resources/SkyPulse/characters/roster/newbird03-frame-01.png,130368,8df7bdf56bb122ae1e7fd0270f6f5e8780b1d291fc48257ec478edd22b2dbf8a,a4f0469b5760f6ed00c5621c52726c7b78e7e70a,2026-09-02T10:40:17+01:00,10 new birds added,true,Bird artwork: owner confirms ARTA-generated SkyPulse artwork; original generation records and reference origins not independently verified,,,,Not independently verified
mobile/Assets/Resources/SkyPulse/characters/roster/newbird03-frame-02.png,133018,ee51743246588a081ddb2f22faac63ce2e5d5850eed8189a63c87dc2b2ffc492,a4f0469b5760f6ed00c5621c52726c7b78e7e70a,2026-09-02T10:40:17+01:00,10 new birds added,true,Bird artwork: owner confirms ARTA-generated SkyPulse artwork; original generation records and reference origins not independently verified,,,,Not independently verified
mobile/Assets/Resources/SkyPulse/characters/roster/newbird03-frame-03.png,116484,7e342c1fd151de15957b3db005ec7da6df1efc48a6a2dc4de5ca316ccf7dff7d,a4f0469b5760f6ed00c5621c52726c7b78e7e70a,2026-09-02T10:40:17+01:00,10 new birds added,true,Bird artwork: owner confirms ARTA-generated SkyPulse artwork; original generation records and reference origins not independently verified,,,,Not independently verified
mobile/Assets/Resources/SkyPulse/characters/roster/newbird03-frame-04.png,80933,b9b42ad6eb83f00dd6b31f573677b635cb8175d83a9c51d009a534994d8188c2,a4f0469b5760f6ed00c5621c52726c7b78e7e70a,2026-09-02T10:40:17+01:00,10 new birds added,true,Bird artwork: owner confirms ARTA-generated SkyPulse artwork; original generation records and reference origins not independently verified,,,,Not independently verified
mobile/Assets/Resources/SkyPulse/characters/roster/newbird03-frame-05.png,90056,7606680833297134d41f732e0cd9f8bf1caea498c152f1d9cb7788bc2ea894cf,a4f0469b5760f6ed00c5621c52726c7b78e7e70a,2026-09-02T10:40:17+01:00,10 new birds added,true,Bird artwork: owner confirms ARTA-generated SkyPulse artwork; original generation records and reference origins not independently verified,,,,Not independently verified
mobile/Assets/Resources/SkyPulse/characters/roster/newbird03-frame-06.png,130391,2c6e2eb85c1a8e6bad02e6a8a46cdc66fefe9b887d9fb58d5122b437a222df88,a4f0469b5760f6ed00c5621c52726c7b78e7e70a,2026-09-02T10:40:17+01:00,10 new birds added,true,Bird artwork: owner confirms ARTA-generated SkyPulse artwork; original generation records and reference origins not independently verified,,,,Not independently verified
mobile/Assets/Resources/SkyPulse/characters/roster/newbird03-frame-07.png,136040,9f313166658d5e646c17fae0b86132f0f1b2c0e8bf577acadcb2c2bb6606ff1e,a4f0469b5760f6ed00c5621c52726c7b78e7e70a,2026-09-02T10:40:17+01:00,10 new birds added,true,Bird artwork: owner confirms ARTA-generated SkyPulse artwork; original generation records and reference origins not independently verified,,,,Not independently verified
mobile/Assets/Resources/SkyPulse/characters/roster/newbird03-frame-08.png,297703,37404116c5003777b3c96f2c20c932de0c36b5cac73d0102e7fabdda96ae9657,a4f0469b5760f6ed00c5621c52726c7b78e7e70a,2026-09-02T10:40:17+01:00,10 new birds added,true,Bird artwork: owner confirms ARTA-generated SkyPulse artwork; original generation records and reference origins not independently verified,,,,Not independently verified
mobile/Assets/Resources/SkyPulse/characters/roster/newbird04-frame-01.png,167423,4638b7242fde7dc9eb91f2edee4fbf0a816ddb183a614f693dee18d8c56d00ab,a4f0469b5760f6ed00c5621c52726c7b78e7e70a,2026-09-02T10:40:17+01:00,10 new birds added,true,Bird artwork: owner confirms ARTA-generated SkyPulse artwork; original generation records and reference origins not independently verified,,,,Not independently verified
mobile/Assets/Resources/SkyPulse/characters/roster/newbird04-frame-02.png,161010,d1e125f87c519ce70e21103082007d02f65516eb35ff39421b4015e5e7ccfbcb,a4f0469b5760f6ed00c5621c52726c7b78e7e70a,2026-09-02T10:40:17+01:00,10 new birds added,true,Bird artwork: owner confirms ARTA-generated SkyPulse artwork; original generation records and reference origins not independently verified,,,,Not independently verified
mobile/Assets/Resources/SkyPulse/characters/roster/newbird04-frame-03.png,139102,06f67451510b73983a4d493b3d65a9d151aff399ca3e1fbef97d9dd19b0ac66d,a4f0469b5760f6ed00c5621c52726c7b78e7e70a,2026-09-02T10:40:17+01:00,10 new birds added,true,Bird artwork: owner confirms ARTA-generated SkyPulse artwork; original generation records and reference origins not independently verified,,,,Not independently verified
mobile/Assets/Resources/SkyPulse/characters/roster/newbird04-frame-04.png,118708,07ca3dc759a9b3c1744417fc39001a15d1f29532acd335ecda1fb33c58c04ec6,a4f0469b5760f6ed00c5621c52726c7b78e7e70a,2026-09-02T10:40:17+01:00,10 new birds added,true,Bird artwork: owner confirms ARTA-generated SkyPulse artwork; original generation records and reference origins not independently verified,,,,Not independently verified
mobile/Assets/Resources/SkyPulse/characters/roster/newbird04-frame-05.png,123097,8bf273ff79b1c22dcb9b5904cd99e831452553830fceaf2f4f1f2004728367e5,a4f0469b5760f6ed00c5621c52726c7b78e7e70a,2026-09-02T10:40:17+01:00,10 new birds added,true,Bird artwork: owner confirms ARTA-generated SkyPulse artwork; original generation records and reference origins not independently verified,,,,Not independently verified
mobile/Assets/Resources/SkyPulse/characters/roster/newbird04-frame-06.png,162464,5044c7d460d49cc59fbe4dd111c791abfcdb67fe5cdf9f132dd73d0c760be45b,a4f0469b5760f6ed00c5621c52726c7b78e7e70a,2026-09-02T10:40:17+01:00,10 new birds added,true,Bird artwork: owner confirms ARTA-generated SkyPulse artwork; original generation records and reference origins not independently verified,,,,Not independently verified
mobile/Assets/Resources/SkyPulse/characters/roster/newbird04-frame-07.png,191128,daf0bb202e4585aa2fb800d8da3438f2919660dc5a07bb1fd17394ab4ab2789a,a4f0469b5760f6ed00c5621c52726c7b78e7e70a,2026-09-02T10:40:17+01:00,10 new birds added,true,Bird artwork: owner confirms ARTA-generated SkyPulse artwork; original generation records and reference origins not independently verified,,,,Not independently verified
mobile/Assets/Resources/SkyPulse/characters/roster/newbird04-frame-08.png,308170,b1caba2a95b22a2cfba12a5f62dbe95fb25009647e61fc5fb94dac27b2caf084,a4f0469b5760f6ed00c5621c52726c7b78e7e70a,2026-09-02T10:40:17+01:00,10 new birds added,true,Bird artwork: owner confirms ARTA-generated SkyPulse artwork; original generation records and reference origins not independently verified,,,,Not independently verified
mobile/Assets/Resources/SkyPulse/characters/roster/newbird05-frame-01.png,174449,47d357521a3d8c17ec9bcba5182a5d323cd6b030cd689c6f1ea73e2b7f84bf92,a4f0469b5760f6ed00c5621c52726c7b78e7e70a,2026-09-02T10:40:17+01:00,10 new birds added,true,Bird artwork: owner confirms ARTA-generated SkyPulse artwork; original generation records and reference origins not independently verified,,,,Not independently verified
mobile/Assets/Resources/SkyPulse/characters/roster/newbird05-frame-02.png,155356,3b8bf268e2fbcef6a660e29c68377de902e7141c59b792209a092548581594be,a4f0469b5760f6ed00c5621c52726c7b78e7e70a,2026-09-02T10:40:17+01:00,10 new birds added,true,Bird artwork: owner confirms ARTA-generated SkyPulse artwork; original generation records and reference origins not independently verified,,,,Not independently verified
mobile/Assets/Resources/SkyPulse/characters/roster/newbird05-frame-03.png,135265,41b630933516c07fe9d777e59cec3f4ad50f411f6abeacf2afd5ee8601f922db,a4f0469b5760f6ed00c5621c52726c7b78e7e70a,2026-09-02T10:40:17+01:00,10 new birds added,true,Bird artwork: owner confirms ARTA-generated SkyPulse artwork; original generation records and reference origins not independently verified,,,,Not independently verified
mobile/Assets/Resources/SkyPulse/characters/roster/newbird05-frame-04.png,103042,905cd5da32196e84e7969b4fe05b8cb100811f048516af7dfa9901702d04fcab,a4f0469b5760f6ed00c5621c52726c7b78e7e70a,2026-09-02T10:40:17+01:00,10 new birds added,true,Bird artwork: owner confirms ARTA-generated SkyPulse artwork; original generation records and reference origins not independently verified,,,,Not independently verified
mobile/Assets/Resources/SkyPulse/characters/roster/newbird05-frame-05.png,111633,ea5edd00d8c7c714514d303047cfbf3e1f5b2511eed764ef960b77649d559df3,a4f0469b5760f6ed00c5621c52726c7b78e7e70a,2026-09-02T10:40:17+01:00,10 new birds added,true,Bird artwork: owner confirms ARTA-generated SkyPulse artwork; original generation records and reference origins not independently verified,,,,Not independently verified
mobile/Assets/Resources/SkyPulse/characters/roster/newbird05-frame-06.png,159797,4028b7db2f2280a146e66852f7ea930fa6a882d9626ff5d1e6ca2d8b6b334f12,a4f0469b5760f6ed00c5621c52726c7b78e7e70a,2026-09-02T10:40:17+01:00,10 new birds added,true,Bird artwork: owner confirms ARTA-generated SkyPulse artwork; original generation records and reference origins not independently verified,,,,Not independently verified
mobile/Assets/Resources/SkyPulse/characters/roster/newbird05-frame-07.png,159235,639a3cbbe512940143a2e78c77efead719e5727400d56c72b157062143ba9e63,a4f0469b5760f6ed00c5621c52726c7b78e7e70a,2026-09-02T10:40:17+01:00,10 new birds added,true,Bird artwork: owner confirms ARTA-generated SkyPulse artwork; original generation records and reference origins not independently verified,,,,Not independently verified
mobile/Assets/Resources/SkyPulse/characters/roster/newbird05-frame-08.png,320806,2e6cee27863ba8cf08cc9e70c18f26f3d6565062f4b5c8e7af85446b1ed24d8b,a4f0469b5760f6ed00c5621c52726c7b78e7e70a,2026-09-02T10:40:17+01:00,10 new birds added,true,Bird artwork: owner confirms ARTA-generated SkyPulse artwork; original generation records and reference origins not independently verified,,,,Not independently verified
mobile/Assets/Resources/SkyPulse/characters/roster/newbird06-frame-01.png,136205,8824f4ad261cefd0af3eb34f13ac1c724a30f50eeb022aca8fe6bec879c08f82,a4f0469b5760f6ed00c5621c52726c7b78e7e70a,2026-09-02T10:40:17+01:00,10 new birds added,true,Bird artwork: owner confirms ARTA-generated SkyPulse artwork; original generation records and reference origins not independently verified,,,,Not independently verified
mobile/Assets/Resources/SkyPulse/characters/roster/newbird06-frame-02.png,141639,113d9466c2d1c691a66a83b614155fd0444b7b0ab57170e47a4a332648ba42d1,a4f0469b5760f6ed00c5621c52726c7b78e7e70a,2026-09-02T10:40:17+01:00,10 new birds added,true,Bird artwork: owner confirms ARTA-generated SkyPulse artwork; original generation records and reference origins not independently verified,,,,Not independently verified
mobile/Assets/Resources/SkyPulse/characters/roster/newbird06-frame-03.png,130572,6daab4eba93f926e7a34cc6c0614e52a0ee24007d6545731e4aa962e533be3e1,a4f0469b5760f6ed00c5621c52726c7b78e7e70a,2026-09-02T10:40:17+01:00,10 new birds added,true,Bird artwork: owner confirms ARTA-generated SkyPulse artwork; original generation records and reference origins not independently verified,,,,Not independently verified
mobile/Assets/Resources/SkyPulse/characters/roster/newbird06-frame-04.png,107302,a45faf2bf9f304183917b069364cef61d9b64fc52a3e73eb7e3c052c353d334f,a4f0469b5760f6ed00c5621c52726c7b78e7e70a,2026-09-02T10:40:17+01:00,10 new birds added,true,Bird artwork: owner confirms ARTA-generated SkyPulse artwork; original generation records and reference origins not independently verified,,,,Not independently verified
mobile/Assets/Resources/SkyPulse/characters/roster/newbird06-frame-05.png,109857,28b5594fc4abc22eec34f01236955f420a37eef4a787d320dfeb74c7f25763cf,a4f0469b5760f6ed00c5621c52726c7b78e7e70a,2026-09-02T10:40:17+01:00,10 new birds added,true,Bird artwork: owner confirms ARTA-generated SkyPulse artwork; original generation records and reference origins not independently verified,,,,Not independently verified
mobile/Assets/Resources/SkyPulse/characters/roster/newbird06-frame-06.png,135981,60e07538066ef4ffe3261409cb26ba885cfb116a5348701c929432dea7cc6647,a4f0469b5760f6ed00c5621c52726c7b78e7e70a,2026-09-02T10:40:17+01:00,10 new birds added,true,Bird artwork: owner confirms ARTA-generated SkyPulse artwork; original generation records and reference origins not independently verified,,,,Not independently verified
mobile/Assets/Resources/SkyPulse/characters/roster/newbird06-frame-07.png,151139,1bd574b87772c8c172f1d550d514e082025a18b74a658c701b6aac1cd5f19356,a4f0469b5760f6ed00c5621c52726c7b78e7e70a,2026-09-02T10:40:17+01:00,10 new birds added,true,Bird artwork: owner confirms ARTA-generated SkyPulse artwork; original generation records and reference origins not independently verified,,,,Not independently verified
mobile/Assets/Resources/SkyPulse/characters/roster/newbird06-frame-08.png,281748,90bbe56c2d587a973aa7749f1129626fe8812a060446941ca5785349e1336019,a4f0469b5760f6ed00c5621c52726c7b78e7e70a,2026-09-02T10:40:17+01:00,10 new birds added,true,Bird artwork: owner confirms ARTA-generated SkyPulse artwork; original generation records and reference origins not independently verified,,,,Not independently verified
mobile/Assets/Resources/SkyPulse/characters/roster/newbird07-frame-01.png,159849,04c75ebbe4e22510f55389d7ac46264205b1a6fd1f86e47e987f61665515781f,a4f0469b5760f6ed00c5621c52726c7b78e7e70a,2026-09-02T10:40:17+01:00,10 new birds added,true,Bird artwork: owner confirms ARTA-generated SkyPulse artwork; original generation records and reference origins not independently verified,,,,Not independently verified
mobile/Assets/Resources/SkyPulse/characters/roster/newbird07-frame-02.png,178615,4d735ec3561587c96c15e7ddd748def681720614ee46b2b66b63b5374e47be0d,a4f0469b5760f6ed00c5621c52726c7b78e7e70a,2026-09-02T10:40:17+01:00,10 new birds added,true,Bird artwork: owner confirms ARTA-generated SkyPulse artwork; original generation records and reference origins not independently verified,,,,Not independently verified
mobile/Assets/Resources/SkyPulse/characters/roster/newbird07-frame-03.png,142380,e0fb52fb2212fbcba460b399416ce38cae9e4b82840279ebe77f5ce9cfd73914,a4f0469b5760f6ed00c5621c52726c7b78e7e70a,2026-09-02T10:40:17+01:00,10 new birds added,true,Bird artwork: owner confirms ARTA-generated SkyPulse artwork; original generation records and reference origins not independently verified,,,,Not independently verified
mobile/Assets/Resources/SkyPulse/characters/roster/newbird07-frame-04.png,118471,e323abf2470e3d4563d43ea7e03b728c41e38e923d17d32a5420a0b112f9e682,a4f0469b5760f6ed00c5621c52726c7b78e7e70a,2026-09-02T10:40:17+01:00,10 new birds added,true,Bird artwork: owner confirms ARTA-generated SkyPulse artwork; original generation records and reference origins not independently verified,,,,Not independently verified
mobile/Assets/Resources/SkyPulse/characters/roster/newbird07-frame-05.png,131162,62e519cf01d2db59d6cb42d69fe0638c26c702b417ac2ce1e02b197530c8bbcd,a4f0469b5760f6ed00c5621c52726c7b78e7e70a,2026-09-02T10:40:17+01:00,10 new birds added,true,Bird artwork: owner confirms ARTA-generated SkyPulse artwork; original generation records and reference origins not independently verified,,,,Not independently verified
mobile/Assets/Resources/SkyPulse/characters/roster/newbird07-frame-06.png,161922,2270711809c460a4abf66df8d3103699ef4d3aedf85dd9e639d46f65f1b2fcaf,a4f0469b5760f6ed00c5621c52726c7b78e7e70a,2026-09-02T10:40:17+01:00,10 new birds added,true,Bird artwork: owner confirms ARTA-generated SkyPulse artwork; original generation records and reference origins not independently verified,,,,Not independently verified
mobile/Assets/Resources/SkyPulse/characters/roster/newbird07-frame-07.png,180141,1065a90e8d858291bf938d9070989425b19e1e87052b9e5116aa610439e296e7,a4f0469b5760f6ed00c5621c52726c7b78e7e70a,2026-09-02T10:40:17+01:00,10 new birds added,true,Bird artwork: owner confirms ARTA-generated SkyPulse artwork; original generation records and reference origins not independently verified,,,,Not independently verified
mobile/Assets/Resources/SkyPulse/characters/roster/newbird07-frame-08.png,329686,8c32204981d9b46cc22ab645a18562826d155441bddf586018c5020f80cf103b,a4f0469b5760f6ed00c5621c52726c7b78e7e70a,2026-09-02T10:40:17+01:00,10 new birds added,true,Bird artwork: owner confirms ARTA-generated SkyPulse artwork; original generation records and reference origins not independently verified,,,,Not independently verified
mobile/Assets/Resources/SkyPulse/characters/roster/newbird08-frame-01.png,154433,9824f822a208f4548035ebfd097e873fbdfa121f2067e6f71f910a224ae81793,a4f0469b5760f6ed00c5621c52726c7b78e7e70a,2026-09-02T10:40:17+01:00,10 new birds added,true,Bird artwork: owner confirms ARTA-generated SkyPulse artwork; original generation records and reference origins not independently verified,,,,Not independently verified
mobile/Assets/Resources/SkyPulse/characters/roster/newbird08-frame-02.png,149465,0b62ebd89d4a6bbf296585dbbdd84e887006fafe757b7a6327bb85f3b3a91195,a4f0469b5760f6ed00c5621c52726c7b78e7e70a,2026-09-02T10:40:17+01:00,10 new birds added,true,Bird artwork: owner confirms ARTA-generated SkyPulse artwork; original generation records and reference origins not independently verified,,,,Not independently verified
mobile/Assets/Resources/SkyPulse/characters/roster/newbird08-frame-03.png,130064,91c97062db1eb5b97d824d88f087a6e291c597069a52fcc30f5ce3803cc952b8,a4f0469b5760f6ed00c5621c52726c7b78e7e70a,2026-09-02T10:40:17+01:00,10 new birds added,true,Bird artwork: owner confirms ARTA-generated SkyPulse artwork; original generation records and reference origins not independently verified,,,,Not independently verified
mobile/Assets/Resources/SkyPulse/characters/roster/newbird08-frame-04.png,97231,4442b032364673c3344a08aa14ec3fd566822b02d43c6728f3dc3869c309938f,a4f0469b5760f6ed00c5621c52726c7b78e7e70a,2026-09-02T10:40:17+01:00,10 new birds added,true,Bird artwork: owner confirms ARTA-generated SkyPulse artwork; original generation records and reference origins not independently verified,,,,Not independently verified
mobile/Assets/Resources/SkyPulse/characters/roster/newbird08-frame-05.png,112692,23e74128176e11f62e960664fd5d1af13375f47c48313317ae2f4b00651329b5,a4f0469b5760f6ed00c5621c52726c7b78e7e70a,2026-09-02T10:40:17+01:00,10 new birds added,true,Bird artwork: owner confirms ARTA-generated SkyPulse artwork; original generation records and reference origins not independently verified,,,,Not independently verified
mobile/Assets/Resources/SkyPulse/characters/roster/newbird08-frame-06.png,149823,493280e4db5ce336f530960d785e03197e1b6893a8c860a8bec5d62cd6a7690a,a4f0469b5760f6ed00c5621c52726c7b78e7e70a,2026-09-02T10:40:17+01:00,10 new birds added,true,Bird artwork: owner confirms ARTA-generated SkyPulse artwork; original generation records and reference origins not independently verified,,,,Not independently verified
mobile/Assets/Resources/SkyPulse/characters/roster/newbird08-frame-07.png,163899,b8aeb87cd1eff147dd0ee86a52cefe3da69507759c1063c78558b20ade8ea1be,a4f0469b5760f6ed00c5621c52726c7b78e7e70a,2026-09-02T10:40:17+01:00,10 new birds added,true,Bird artwork: owner confirms ARTA-generated SkyPulse artwork; original generation records and reference origins not independently verified,,,,Not independently verified
mobile/Assets/Resources/SkyPulse/characters/roster/newbird08-frame-08.png,290718,cbc6092ae870abdcad3705044c406eac3abdf79bda3fa59b4b798c65c20fdb49,a4f0469b5760f6ed00c5621c52726c7b78e7e70a,2026-09-02T10:40:17+01:00,10 new birds added,true,Bird artwork: owner confirms ARTA-generated SkyPulse artwork; original generation records and reference origins not independently verified,,,,Not independently verified
mobile/Assets/Resources/SkyPulse/characters/roster/newbird09-frame-01.png,153753,265b20eacdbd4681a88aea8c306e4ab3f5ea62ee06f5319420f0491cad5afd6e,a4f0469b5760f6ed00c5621c52726c7b78e7e70a,2026-09-02T10:40:17+01:00,10 new birds added,true,Bird artwork: owner confirms ARTA-generated SkyPulse artwork; original generation records and reference origins not independently verified,,,,Not independently verified
mobile/Assets/Resources/SkyPulse/characters/roster/newbird09-frame-02.png,152850,4257a771a86b7797ffcf19876dd41f4ad01b14ff4755058c213ca1a299899195,a4f0469b5760f6ed00c5621c52726c7b78e7e70a,2026-09-02T10:40:17+01:00,10 new birds added,true,Bird artwork: owner confirms ARTA-generated SkyPulse artwork; original generation records and reference origins not independently verified,,,,Not independently verified
mobile/Assets/Resources/SkyPulse/characters/roster/newbird09-frame-03.png,123743,956170d9792681401b91f163ecdb48a6517f2e5a71d1d49fb14b654dc5be7ee9,a4f0469b5760f6ed00c5621c52726c7b78e7e70a,2026-09-02T10:40:17+01:00,10 new birds added,true,Bird artwork: owner confirms ARTA-generated SkyPulse artwork; original generation records and reference origins not independently verified,,,,Not independently verified
mobile/Assets/Resources/SkyPulse/characters/roster/newbird09-frame-04.png,99539,01183124eac3d94b38915608a4bdc3c7cc67236e783bda062886dc6491c44c6a,a4f0469b5760f6ed00c5621c52726c7b78e7e70a,2026-09-02T10:40:17+01:00,10 new birds added,true,Bird artwork: owner confirms ARTA-generated SkyPulse artwork; original generation records and reference origins not independently verified,,,,Not independently verified
mobile/Assets/Resources/SkyPulse/characters/roster/newbird09-frame-05.png,118902,bb19916ee32c8ca6aef518e32a9c396c3145305d6d6c00de3a681214123002fa,a4f0469b5760f6ed00c5621c52726c7b78e7e70a,2026-09-02T10:40:17+01:00,10 new birds added,true,Bird artwork: owner confirms ARTA-generated SkyPulse artwork; original generation records and reference origins not independently verified,,,,Not independently verified
mobile/Assets/Resources/SkyPulse/characters/roster/newbird09-frame-06.png,145090,226080020599327238d23934d8887ca718b08b0be084048a6cc3509d8faf4419,a4f0469b5760f6ed00c5621c52726c7b78e7e70a,2026-09-02T10:40:17+01:00,10 new birds added,true,Bird artwork: owner confirms ARTA-generated SkyPulse artwork; original generation records and reference origins not independently verified,,,,Not independently verified
mobile/Assets/Resources/SkyPulse/characters/roster/newbird09-frame-07.png,136962,3619b4aa616a4e750092bb7661ef6fd5db927f72e72d989df1a66348666241e9,a4f0469b5760f6ed00c5621c52726c7b78e7e70a,2026-09-02T10:40:17+01:00,10 new birds added,true,Bird artwork: owner confirms ARTA-generated SkyPulse artwork; original generation records and reference origins not independently verified,,,,Not independently verified
mobile/Assets/Resources/SkyPulse/characters/roster/newbird09-frame-08.png,347173,0c514e69c4ce68e1f5f9b201ad81ae0517fde1017b1a1c32fed70ed803d6419c,a4f0469b5760f6ed00c5621c52726c7b78e7e70a,2026-09-02T10:40:17+01:00,10 new birds added,true,Bird artwork: owner confirms ARTA-generated SkyPulse artwork; original generation records and reference origins not independently verified,,,,Not independently verified
mobile/Assets/Resources/SkyPulse/characters/roster/newbird10-frame-01.png,174811,97f867903ab705c64a78104a6f48c011e3a4c7f20f51660802036e0068b697f7,a4f0469b5760f6ed00c5621c52726c7b78e7e70a,2026-09-02T10:40:17+01:00,10 new birds added,true,Bird artwork: owner confirms ARTA-generated SkyPulse artwork; original generation records and reference origins not independently verified,,,,Not independently verified
mobile/Assets/Resources/SkyPulse/characters/roster/newbird10-frame-02.png,154553,31a0d48d946af26d9ddad81b1536bbaa57e31f827f5db3e2ebd8f558381670fe,a4f0469b5760f6ed00c5621c52726c7b78e7e70a,2026-09-02T10:40:17+01:00,10 new birds added,true,Bird artwork: owner confirms ARTA-generated SkyPulse artwork; original generation records and reference origins not independently verified,,,,Not independently verified
mobile/Assets/Resources/SkyPulse/characters/roster/newbird10-frame-03.png,132806,ca7c9bf6d48fc4d3e7386564c65698a580f78747556db21af3e360de5f971d48,a4f0469b5760f6ed00c5621c52726c7b78e7e70a,2026-09-02T10:40:17+01:00,10 new birds added,true,Bird artwork: owner confirms ARTA-generated SkyPulse artwork; original generation records and reference origins not independently verified,,,,Not independently verified
mobile/Assets/Resources/SkyPulse/characters/roster/newbird10-frame-04.png,113536,6c7380ead2a5129be78fa8ea40d048beb64b8e41b829ede1467bb2ce5416a84a,a4f0469b5760f6ed00c5621c52726c7b78e7e70a,2026-09-02T10:40:17+01:00,10 new birds added,true,Bird artwork: owner confirms ARTA-generated SkyPulse artwork; original generation records and reference origins not independently verified,,,,Not independently verified
mobile/Assets/Resources/SkyPulse/characters/roster/newbird10-frame-05.png,117646,f08b9922a51b55e98528c8a23aa0a68e5748d349789044a5346c3f2dbce8c4f5,a4f0469b5760f6ed00c5621c52726c7b78e7e70a,2026-09-02T10:40:17+01:00,10 new birds added,true,Bird artwork: owner confirms ARTA-generated SkyPulse artwork; original generation records and reference origins not independently verified,,,,Not independently verified
mobile/Assets/Resources/SkyPulse/characters/roster/newbird10-frame-06.png,163349,209fca31f35c8b6465f3610e67590d041a7963f6e1cb9ebe2360ac4406f036d3,a4f0469b5760f6ed00c5621c52726c7b78e7e70a,2026-09-02T10:40:17+01:00,10 new birds added,true,Bird artwork: owner confirms ARTA-generated SkyPulse artwork; original generation records and reference origins not independently verified,,,,Not independently verified
mobile/Assets/Resources/SkyPulse/characters/roster/newbird10-frame-07.png,147016,f4e5cc2fa82196d480e5371a68c946f039ebc246272cb545d4f3c4d92051a6a5,a4f0469b5760f6ed00c5621c52726c7b78e7e70a,2026-09-02T10:40:17+01:00,10 new birds added,true,Bird artwork: owner confirms ARTA-generated SkyPulse artwork; original generation records and reference origins not independently verified,,,,Not independently verified
mobile/Assets/Resources/SkyPulse/characters/roster/newbird10-frame-08.png,317324,a5c39a2ec92b71e21c8dedc4d26feedbdfa760d1ee45b04fc82aad8afb267410,a4f0469b5760f6ed00c5621c52726c7b78e7e70a,2026-09-02T10:40:17+01:00,10 new birds added,true,Bird artwork: owner confirms ARTA-generated SkyPulse artwork; original generation records and reference origins not independently verified,,,,Not independently verified
mobile/Assets/Resources/SkyPulse/characters/roster/prism-frame-01-v1.png,382260,1f678cfd6be03e526d389816bb1d0d57d9789a4c443b20529a9c1f3177515762,2ac8972a5bd8d0a3dce903efb7d300fa5e2a647b,2026-08-30T10:26:45+01:00,Add portrait robotic bird roster,true,Bird artwork: owner confirms ARTA-generated SkyPulse artwork; original generation records and reference origins not independently verified,,,,Not independently verified
mobile/Assets/Resources/SkyPulse/characters/roster/prism-frame-02-v1.png,339666,d493903cbf1c325b999a26788928968a2984ae4cacce2508a13b5cda52ed1532,2ac8972a5bd8d0a3dce903efb7d300fa5e2a647b,2026-08-30T10:26:45+01:00,Add portrait robotic bird roster,true,Bird artwork: owner confirms ARTA-generated SkyPulse artwork; original generation records and reference origins not independently verified,,,,Not independently verified
mobile/Assets/Resources/SkyPulse/characters/roster/prism-frame-03-v1.png,342913,a9719a2bf01c5c96db146585242a4b7ec31d44a9987690b389e508d3eb331087,2ac8972a5bd8d0a3dce903efb7d300fa5e2a647b,2026-08-30T10:26:45+01:00,Add portrait robotic bird roster,true,Bird artwork: owner confirms ARTA-generated SkyPulse artwork; original generation records and reference origins not independently verified,,,,Not independently verified
mobile/Assets/Resources/SkyPulse/characters/roster/prism-frame-04-v1.png,318245,4f0135985aa1622443a0b5550164d15133b45d830f3c1ab98642063f8265a901,2ac8972a5bd8d0a3dce903efb7d300fa5e2a647b,2026-08-30T10:26:45+01:00,Add portrait robotic bird roster,true,Bird artwork: owner confirms ARTA-generated SkyPulse artwork; original generation records and reference origins not independently verified,,,,Not independently verified
mobile/Assets/Resources/SkyPulse/characters/roster/prism-frame-05-v1.png,346533,54ec7e77dd4cdeb5b24911a781283bd091e8588a8d0197b2f0d1eefbc24dc52f,2ac8972a5bd8d0a3dce903efb7d300fa5e2a647b,2026-08-30T10:26:45+01:00,Add portrait robotic bird roster,true,Bird artwork: owner confirms ARTA-generated SkyPulse artwork; original generation records and reference origins not independently verified,,,,Not independently verified
mobile/Assets/Resources/SkyPulse/characters/roster/prism-frame-06-v1.png,365646,89272d174c012476caa8773e1a4d21a4a8982c1fa2a17011b93fe03cf7e1dfbe,2ac8972a5bd8d0a3dce903efb7d300fa5e2a647b,2026-08-30T10:26:45+01:00,Add portrait robotic bird roster,true,Bird artwork: owner confirms ARTA-generated SkyPulse artwork; original generation records and reference origins not independently verified,,,,Not independently verified
mobile/Assets/Resources/SkyPulse/characters/roster/prism-frame-07-v1.png,375311,09c013415bada0bdf2374599c9ddfcee0d5694f9e670e2280b9b11adbd331904,2ac8972a5bd8d0a3dce903efb7d300fa5e2a647b,2026-08-30T10:26:45+01:00,Add portrait robotic bird roster,true,Bird artwork: owner confirms ARTA-generated SkyPulse artwork; original generation records and reference origins not independently verified,,,,Not independently verified
mobile/Assets/Resources/SkyPulse/characters/roster/prism-frame-08-v1.png,430398,e72e45ede86f2d20b1dcb00140b6b53ffa8a1518ac8705f9f45f50db7749b93c,2ac8972a5bd8d0a3dce903efb7d300fa5e2a647b,2026-08-30T10:26:45+01:00,Add portrait robotic bird roster,true,Bird artwork: owner confirms ARTA-generated SkyPulse artwork; original generation records and reference origins not independently verified,,,,Not independently verified
mobile/Assets/Resources/SkyPulse/characters/roster/steel-frame-01-v1.png,354858,1fab3d7a25f0231499d0ee7b14bfbfa88be08c306fdfa0134b12760e351dadf4,2ac8972a5bd8d0a3dce903efb7d300fa5e2a647b,2026-08-30T10:26:45+01:00,Add portrait robotic bird roster,true,Bird artwork: owner confirms ARTA-generated SkyPulse artwork; original generation records and reference origins not independently verified,,,,Not independently verified
mobile/Assets/Resources/SkyPulse/characters/roster/steel-frame-02-v1.png,323716,0d80630c26ac68b5a4e36beaa863e4f947f6832156a4338492a1160774fbe6cb,2ac8972a5bd8d0a3dce903efb7d300fa5e2a647b,2026-08-30T10:26:45+01:00,Add portrait robotic bird roster,true,Bird artwork: owner confirms ARTA-generated SkyPulse artwork; original generation records and reference origins not independently verified,,,,Not independently verified
mobile/Assets/Resources/SkyPulse/characters/roster/steel-frame-03-v1.png,327382,9a73e2bf7974bf0df25d381498bac1402fff26639effa7c81a58b8bbdc616cc6,2ac8972a5bd8d0a3dce903efb7d300fa5e2a647b,2026-08-30T10:26:45+01:00,Add portrait robotic bird roster,true,Bird artwork: owner confirms ARTA-generated SkyPulse artwork; original generation records and reference origins not independently verified,,,,Not independently verified
mobile/Assets/Resources/SkyPulse/characters/roster/steel-frame-04-v1.png,292716,d5cce46857916f5fcbb5067491a0b27337b68b92d1e4d552d1880628f5484d28,2ac8972a5bd8d0a3dce903efb7d300fa5e2a647b,2026-08-30T10:26:45+01:00,Add portrait robotic bird roster,true,Bird artwork: owner confirms ARTA-generated SkyPulse artwork; original generation records and reference origins not independently verified,,,,Not independently verified
mobile/Assets/Resources/SkyPulse/characters/roster/steel-frame-05-v1.png,327322,7ca65c0c4ca9ddbc7eb5d8edc49462ba65796689b8f5861e38a5068b0909908b,2ac8972a5bd8d0a3dce903efb7d300fa5e2a647b,2026-08-30T10:26:45+01:00,Add portrait robotic bird roster,true,Bird artwork: owner confirms ARTA-generated SkyPulse artwork; original generation records and reference origins not independently verified,,,,Not independently verified
mobile/Assets/Resources/SkyPulse/characters/roster/steel-frame-06-v1.png,355917,1363d2abd5cf95c2213667b4a9f6e1f1a981e78314f160ebcbf251ebe4782ef1,2ac8972a5bd8d0a3dce903efb7d300fa5e2a647b,2026-08-30T10:26:45+01:00,Add portrait robotic bird roster,true,Bird artwork: owner confirms ARTA-generated SkyPulse artwork; original generation records and reference origins not independently verified,,,,Not independently verified
mobile/Assets/Resources/SkyPulse/characters/roster/steel-frame-07-v1.png,346915,da1af966db6299d1b515cc6cfc33ff34d3f2608ad7d14895261511596c9209a8,2ac8972a5bd8d0a3dce903efb7d300fa5e2a647b,2026-08-30T10:26:45+01:00,Add portrait robotic bird roster,true,Bird artwork: owner confirms ARTA-generated SkyPulse artwork; original generation records and reference origins not independently verified,,,,Not independently verified
mobile/Assets/Resources/SkyPulse/characters/roster/steel-frame-08-v1.png,402764,340792c41d679ff948be8cc354e0f1c1de603513a4fade04754bfcc868abd068,2ac8972a5bd8d0a3dce903efb7d300fa5e2a647b,2026-08-30T10:26:45+01:00,Add portrait robotic bird roster,true,Bird artwork: owner confirms ARTA-generated SkyPulse artwork; original generation records and reference origins not independently verified,,,,Not independently verified
mobile/Assets/Resources/SkyPulse/characters/roster/verdant-frame-01-v1.png,346283,bfa185f31c14c37541f3b9bd06f533444819445aec7c281bef32318ab5bf9edd,2ac8972a5bd8d0a3dce903efb7d300fa5e2a647b,2026-08-30T10:26:45+01:00,Add portrait robotic bird roster,true,Bird artwork: owner confirms ARTA-generated SkyPulse artwork; original generation records and reference origins not independently verified,,,,Not independently verified
mobile/Assets/Resources/SkyPulse/characters/roster/verdant-frame-02-v1.png,318221,f06ae7c29042963d677aa008b8e8d4c2ef5a63a6ab7fd15cac7ba1fc0d068339,2ac8972a5bd8d0a3dce903efb7d300fa5e2a647b,2026-08-30T10:26:45+01:00,Add portrait robotic bird roster,true,Bird artwork: owner confirms ARTA-generated SkyPulse artwork; original generation records and reference origins not independently verified,,,,Not independently verified
mobile/Assets/Resources/SkyPulse/characters/roster/verdant-frame-03-v1.png,327822,eae390ea9cef0137569e5c752403cb9fe2a9272f9a831b84b5e5a5e434f05b44,2ac8972a5bd8d0a3dce903efb7d300fa5e2a647b,2026-08-30T10:26:45+01:00,Add portrait robotic bird roster,true,Bird artwork: owner confirms ARTA-generated SkyPulse artwork; original generation records and reference origins not independently verified,,,,Not independently verified
mobile/Assets/Resources/SkyPulse/characters/roster/verdant-frame-04-v1.png,319191,1228d8b459799613bd3b5886e2397a917b09d2bec10caa27bff8bb5f855eced4,2ac8972a5bd8d0a3dce903efb7d300fa5e2a647b,2026-08-30T10:26:45+01:00,Add portrait robotic bird roster,true,Bird artwork: owner confirms ARTA-generated SkyPulse artwork; original generation records and reference origins not independently verified,,,,Not independently verified
mobile/Assets/Resources/SkyPulse/characters/roster/verdant-frame-05-v1.png,313013,66089357a258fb934205405c7f638d313b6069936dadfe071fdcb69d9d7d3f88,2ac8972a5bd8d0a3dce903efb7d300fa5e2a647b,2026-08-30T10:26:45+01:00,Add portrait robotic bird roster,true,Bird artwork: owner confirms ARTA-generated SkyPulse artwork; original generation records and reference origins not independently verified,,,,Not independently verified
mobile/Assets/Resources/SkyPulse/characters/roster/verdant-frame-06-v1.png,320712,a993fc1d700cf33cfc13f4d8e6c50de1cbd607b0e96a61b8ec08f0b8231e4b6b,2ac8972a5bd8d0a3dce903efb7d300fa5e2a647b,2026-08-30T10:26:45+01:00,Add portrait robotic bird roster,true,Bird artwork: owner confirms ARTA-generated SkyPulse artwork; original generation records and reference origins not independently verified,,,,Not independently verified
mobile/Assets/Resources/SkyPulse/characters/roster/verdant-frame-07-v1.png,343059,d29131a8e407625e6771333699fab385f578963b9a8abfa602344a5b257174c7,2ac8972a5bd8d0a3dce903efb7d300fa5e2a647b,2026-08-30T10:26:45+01:00,Add portrait robotic bird roster,true,Bird artwork: owner confirms ARTA-generated SkyPulse artwork; original generation records and reference origins not independently verified,,,,Not independently verified
mobile/Assets/Resources/SkyPulse/characters/roster/verdant-frame-08-v1.png,387713,8e0008744595dc7f4a8dc00775ea6143416a688986ae23b63e4703de0de42a47,2ac8972a5bd8d0a3dce903efb7d300fa5e2a647b,2026-08-30T10:26:45+01:00,Add portrait robotic bird roster,true,Bird artwork: owner confirms ARTA-generated SkyPulse artwork; original generation records and reference origins not independently verified,,,,Not independently verified
mobile/Assets/Resources/SkyPulse/characters/roster/volt-frame-01-v1.png,330291,1f3d4ce98929e3b7e0570141c63b83d30007a921e7a40ad6ccbdbc264185afca,2ac8972a5bd8d0a3dce903efb7d300fa5e2a647b,2026-08-30T10:26:45+01:00,Add portrait robotic bird roster,true,Bird artwork: owner confirms ARTA-generated SkyPulse artwork; original generation records and reference origins not independently verified,,,,Not independently verified
mobile/Assets/Resources/SkyPulse/characters/roster/volt-frame-02-v1.png,314271,f95a5e1ca25280161a7728189670d0d78e63331662db3f7877e458b57c83c232,2ac8972a5bd8d0a3dce903efb7d300fa5e2a647b,2026-08-30T10:26:45+01:00,Add portrait robotic bird roster,true,Bird artwork: owner confirms ARTA-generated SkyPulse artwork; original generation records and reference origins not independently verified,,,,Not independently verified
mobile/Assets/Resources/SkyPulse/characters/roster/volt-frame-03-v1.png,317809,50fc40a913b5449cbcc8c60640f2d891268f7ee427b2801e36edf7bf18c7f54f,2ac8972a5bd8d0a3dce903efb7d300fa5e2a647b,2026-08-30T10:26:45+01:00,Add portrait robotic bird roster,true,Bird artwork: owner confirms ARTA-generated SkyPulse artwork; original generation records and reference origins not independently verified,,,,Not independently verified
mobile/Assets/Resources/SkyPulse/characters/roster/volt-frame-04-v1.png,294460,7ec34f0b427554f628250a54ea53de7c72a1583dbff29e2ca546eab2840c9daf,2ac8972a5bd8d0a3dce903efb7d300fa5e2a647b,2026-08-30T10:26:45+01:00,Add portrait robotic bird roster,true,Bird artwork: owner confirms ARTA-generated SkyPulse artwork; original generation records and reference origins not independently verified,,,,Not independently verified
mobile/Assets/Resources/SkyPulse/characters/roster/volt-frame-05-v1.png,303254,a2a090ff515fc7c260f264dd478990c29ef1836e8ec37d818a07eedf862013db,2ac8972a5bd8d0a3dce903efb7d300fa5e2a647b,2026-08-30T10:26:45+01:00,Add portrait robotic bird roster,true,Bird artwork: owner confirms ARTA-generated SkyPulse artwork; original generation records and reference origins not independently verified,,,,Not independently verified
mobile/Assets/Resources/SkyPulse/characters/roster/volt-frame-06-v1.png,306971,0fd4fe10f62452a00b350b501910c67b3def85078570aef4ba89fe82329d2d93,2ac8972a5bd8d0a3dce903efb7d300fa5e2a647b,2026-08-30T10:26:45+01:00,Add portrait robotic bird roster,true,Bird artwork: owner confirms ARTA-generated SkyPulse artwork; original generation records and reference origins not independently verified,,,,Not independently verified
mobile/Assets/Resources/SkyPulse/characters/roster/volt-frame-07-v1.png,339002,7a7fa36b7f592aa079dc4b6d0dc5c915bc24ef6783798f143ac0d9d15d2506fe,2ac8972a5bd8d0a3dce903efb7d300fa5e2a647b,2026-08-30T10:26:45+01:00,Add portrait robotic bird roster,true,Bird artwork: owner confirms ARTA-generated SkyPulse artwork; original generation records and reference origins not independently verified,,,,Not independently verified
mobile/Assets/Resources/SkyPulse/characters/roster/volt-frame-08-v1.png,393669,013c903b23d86a768ce3998be49b9ae1655777ed45025e4877eddfd94415f610,2ac8972a5bd8d0a3dce903efb7d300fa5e2a647b,2026-08-30T10:26:45+01:00,Add portrait robotic bird roster,true,Bird artwork: owner confirms ARTA-generated SkyPulse artwork; original generation records and reference origins not independently verified,,,,Not independently verified
mobile/Assets/Resources/SkyPulsePublicLinks.json,147,3f2cc1cc05bd9632251c21dfda5af0ad8159c8810593c8906b7b75cb2e6e1682,04cdc5e546b7a2f31024124633e8a74647ebaf8b,2026-09-08T12:48:43+01:00,Xcode tests,true,Project implementation/configuration history; owner asserts code ownership and development in VS Code; individual contributions not independently verified,,,,Not independently verified
mobile/Assets/Scenes/SkyPulse.unity,3406,559ca9680dcb6f841f1d6e68f273e068d6af595b7e047619c853b2e2175aea15,7fb3e4bfc9847adae9a5d5ae98fa4f49917e5029,2026-08-05T17:47:09+01:00,Add Unity mobile game foundation,true,Project implementation/configuration history; owner asserts code ownership and development in VS Code; individual contributions not independently verified,,,,Not independently verified
mobile/Assets/Scripts/SkyPulseBootstrap.cs,488,ece7b674b01bc9b2a7df94a5842ef056d3cf4e30df2d0b63a042f7ac7f799f3c,7fb3e4bfc9847adae9a5d5ae98fa4f49917e5029,2026-08-05T17:47:09+01:00,Add Unity mobile game foundation,true,Project implementation/configuration history; owner asserts code ownership and development in VS Code; individual contributions not independently verified,,,,Not independently verified
mobile/Assets/Scripts/SkyPulseButtonFeedback.cs,1312,ab2a9c0a78c313870afcc8a50d0f9322fd665b480071f9eda8246271ef0e5261,12edb310ab6a2d362ed13c5f59780b68f18b0ffe,2026-09-10T14:04:44+01:00,apple review fixes,true,Project implementation/configuration history; owner asserts code ownership and development in VS Code; individual contributions not independently verified,,,,Not independently verified
mobile/Assets/Scripts/SkyPulseNativeGame.cs,411457,ae366a78689116d70df58c35655e1d6782a0494e916a720ecc3b539cdbaf7b26,7fb3e4bfc9847adae9a5d5ae98fa4f49917e5029,2026-08-05T17:47:09+01:00,Add Unity mobile game foundation,false,Project implementation/configuration history; owner asserts code ownership and development in VS Code; individual contributions not independently verified,,,,Not independently verified
mobile/Assets/Scripts/SkyPulsePublicLinks.cs,1034,8427bb1103414ea4610f23293834270c4f230b9335ebd550f79c6d80e198b3b0,04cdc5e546b7a2f31024124633e8a74647ebaf8b,2026-09-08T12:48:43+01:00,Xcode tests,true,Project implementation/configuration history; owner asserts code ownership and development in VS Code; individual contributions not independently verified,,,,Not independently verified
mobile/Assets/Scripts/SkyPulseRoundStartSurface.cs,760,379650ff3d28470bf3eae7abbdb0eada594ce98b865ba97d1149265fa68e4671,12edb310ab6a2d362ed13c5f59780b68f18b0ffe,2026-09-10T14:04:44+01:00,apple review fixes,true,Project implementation/configuration history; owner asserts code ownership and development in VS Code; individual contributions not independently verified,,,,Not independently verified
mobile/Assets/Scripts/SkyPulseTechConnection.cs,2421,d68ac7dba1b6c6136359719bbb1c932b2a9eac9f9eea106306aa2366e130ab0f,c81f6806aceb36ce57bfed62f49cde043e7662cc,2026-09-10T23:01:45+01:00,Visual upgrades,true,Project implementation/configuration history; owner asserts code ownership and development in VS Code; individual contributions not independently verified,,,,Not independently verified
mobile/Assets/Scripts/SkyPulseUiGlyph.cs,12007,85498185a92fdd6c546a0ef1d4a78bf22b40b0e26a9fc755f62da870feac7bc6,28b2a42ccbc30fd411ebc6793ea0aa127fbf190e,2026-09-09T18:44:48+01:00,future visual updates,true,Project implementation/configuration history; owner asserts code ownership and development in VS Code; individual contributions not independently verified,,,,Not independently verified
mobile/Assets/Settings/Build Profiles/New iOS Profile.asset,1346,287aa2b9c3bd4407f689719fc43b2fc13e9f8f0fdac7dfcb5c53e89284dc33de,7bfbd45c8bc4e86d3d28ec029c28e8dc29abe55b,2026-08-10T14:54:13+01:00,Visual pass,true,Project implementation/configuration history; owner asserts code ownership and development in VS Code; individual contributions not independently verified,,,,Not independently verified
mobile/Release/NeonVisualUpdate/references/gameplay-target.png,2327686,add6bbd7b033a65c0823b89b8aef3a732ffaf00babf09fb3968c4147292790ad,262dc5a84e90762234b4e4097d52a7d18e81a53c,2026-09-09T13:25:07+01:00,"Add first neon visual update for pipes, crystals and skies",true,Supplied visual reference; original source and permission pending,,,,Not independently verified
mobile/Release/NeonVisualUpdate/references/hangar-style-target.png,3097187,b18b243cd281cc94ed63c3edd43dfce8077d1070eb466f2fed01d3dffd367ec4,262dc5a84e90762234b4e4097d52a7d18e81a53c,2026-09-09T13:25:07+01:00,"Add first neon visual update for pipes, crystals and skies",true,Supplied visual reference; original source and permission pending,,,,Not independently verified
mobile/Release/NeonVisualUpdate/references/upgrades-style-target.png,2918023,e93a89ff37dc59e7bd9941e92835332ebe1c2a48c5be6e1f00e3324c83b59d2f,262dc5a84e90762234b4e4097d52a7d18e81a53c,2026-09-09T13:25:07+01:00,"Add first neon visual update for pipes, crystals and skies",true,Supplied visual reference; original source and permission pending,,,,Not independently verified
